,,'berço oeste','berço leste','retomadora','c3'
,'Timestamp','WIT_798A-OE','WIT_798A-LE','309TP003-WQI003-R','309TP003-WQI004-R'
,21/01/2011 00:00:00,0,27068,'1088055,38','1161174,5'
,21/01/2011 00:10:00,0,'27409,47','1088621,5',1161494
,21/01/2011 00:20:00,0,'27732,41','1089188,13',1161815
,21/01/2011 00:30:00,0,27880,'1089754,13','1162050,13'
,21/01/2011 00:40:00,0,'28087,55','1090320,38','1162225,63'
,21/01/2011 00:50:00,0,28431,'1090885,88',1162509
,21/01/2011 01:00:00,0,28764,1091450,'1162849,63'
,21/01/2011 01:10:00,0,'29099,02','1092015,75','1163188,25'
,21/01/2011 01:20:00,0,'29436,47',1092582,'1163529,88'
,21/01/2011 01:30:00,0,29772,'1093149,5',1163873
,21/01/2011 01:40:00,0,'30118,14',1093715,'1164199,5'
,21/01/2011 01:50:00,0,'30436,56','1094281,5','1164524,13'
,21/01/2011 02:00:00,0,'30772,07','1094847,25','1164852,25'
,21/01/2011 02:10:00,0,'30774,45','1095414,5','1165041,88'
,21/01/2011 02:20:00,0,30867,'1095979,75','1165042,38'
,21/01/2011 02:30:00,0,31011,'1096543,88','1165135,75'
,21/01/2011 02:40:00,0,31342,'1097107,5','1165435,5'
,21/01/2011 02:50:00,0,31670,1097671,'1165769,5'
,21/01/2011 03:00:00,0,32001,'1098234,63','1166102,25'
,21/01/2011 03:10:00,0,'32361,19',1098799,1166438
,21/01/2011 03:20:00,0,'32695,7','1099363,13','1166773,13'
,21/01/2011 03:30:00,0,33019,'1099928,38','1167110,5'
,21/01/2011 03:40:00,0,'33334,73','1100494,63','1167428,25'
,21/01/2011 03:50:00,0,'33593,39',1101062,'1167730,88'
,21/01/2011 04:00:00,0,33928,,
,21/01/2011 04:10:00,0,34272,'1102196,5','1168361,63'
,21/01/2011 04:20:00,0,'34341,84',1102763,'1168613,13'
,21/01/2011 04:30:00,0,'34482,06','1103330,25','1168613,88'
,21/01/2011 04:40:00,0,'34688,65','1103895,25',1168795
,21/01/2011 04:50:00,0,35032,1104460,1169109
,21/01/2011 05:00:00,0,35355,'1105025,38','1169444,25'
,21/01/2011 05:10:00,0,35678,'1105590,5','1169771,25'
,21/01/2011 05:20:00,0,'35962,23','1106157,5','1170100,25'
,21/01/2011 05:30:00,0,'36223,48','1106723,38','1170357,88'
,21/01/2011 05:40:00,0,'36546,93','1107289,75','1170647,63'
,21/01/2011 05:50:00,0,'36745,4','1107854,88',1170970
,21/01/2011 06:00:00,0,'36746,72','1108420,75',1171017
,21/01/2011 06:10:00,0,'36765,96','1108985,5','1171017,38'
,21/01/2011 06:20:00,0,'36898,24','1109548,88',1171075
,21/01/2011 06:30:00,0,37145,'1110111,63','1171250,13'
,21/01/2011 06:40:00,0,'37481,02','1110676,13','1171569,25'
,21/01/2011 06:50:00,0,37820,'1111242,13','1171914,88'
,21/01/2011 07:00:00,0,37897,1111808,'1172169,63'
,21/01/2011 07:10:00,0,'38039,03','1112372,38','1172170,13'
,21/01/2011 07:20:00,0,'38265,85','1112936,13',1172346
,21/01/2011 07:30:00,0,'38653,03','1113501,88','1172705,63'
,21/01/2011 07:40:00,0,'39019,24','1114067,75','1173088,75'
,21/01/2011 07:50:00,0,39377,'1114634,63','1173457,25'
,21/01/2011 08:00:00,0,39742,'1115200,13','1173819,13'
,21/01/2011 08:10:00,0,'39920,77','1115768,13','1174190,5'
,21/01/2011 08:20:00,0,'39922,12','1116334,38','1174197,88'
,21/01/2011 08:30:00,0,'39923,47','1116900,38','1174198,13'
,21/01/2011 08:40:00,0,39980,'1117465,25','1174209,25'
,21/01/2011 08:50:00,0,40017,'1118030,5','1174291,5'
,21/01/2011 09:00:00,0,40078,'1118594,63','1174292,13'
,21/01/2011 09:10:00,233,0,'1119159,75','1174374,38'
,21/01/2011 09:20:00,619,0,1119726,1174714
,21/01/2011 09:30:00,1423,0,'1120293,38','1175328,88'
,21/01/2011 09:40:00,2270,0,'1120863,38','1176233,88'
,21/01/2011 09:50:00,'3252,32',0,'1121429,75','1177044,13'
,21/01/2011 10:00:00,'4207,46',0,'1121995,38',1178021
,21/01/2011 10:10:00,5050,0,'1122560,63','1178982,25'
,21/01/2011 10:20:00,5806,0,'1123126,88','1179746,75'
,21/01/2011 10:30:00,'6615,06',0,'1123690,13',1180489
,21/01/2011 10:40:00,7688,0,'1124253,5','1181462,25'
,21/01/2011 10:50:00,8742,0,1124819,'1182552,13'
,21/01/2011 11:00:00,'9195,65',0,'1125383,38','1183428,38'
,21/01/2011 11:10:00,'10053,77',0,'1125947,13','1183871,13'
,21/01/2011 11:20:00,'10724,43',0,'1126510,5','1184526,13'
,21/01/2011 11:30:00,11866,0,1127074,'1185508,63'
,21/01/2011 11:40:00,13045,0,'1127640,13','1186732,5'
,21/01/2011 11:50:00,14248,0,'1128205,38','1187929,13'
,21/01/2011 12:00:00,14988,0,'1128769,38','1188901,75'
,21/01/2011 12:10:00,16118,0,'1129333,75','1189903,38'
,21/01/2011 12:20:00,'17293,05',0,'1129898,5','1191040,63'
,21/01/2011 12:30:00,18270,0,'1130462,5','1192023,38'
,21/01/2011 12:40:00,19258,0,'1131027,63','1193020,5'
,21/01/2011 12:50:00,'20146,32',0,'1131592,38','1194135,13'
,21/01/2011 13:00:00,20202,0,'1132155,88','1194566,88'
,21/01/2011 13:10:00,20202,0,'1132718,5','1194566,88'
,21/01/2011 13:20:00,20202,0,'1133286,13','1194566,88'
,21/01/2011 13:30:00,20202,0,'1133853,13','1194566,88'
,21/01/2011 13:40:00,20202,0,1134420,'1194566,88'
,21/01/2011 13:50:00,20202,0,'1134987,25','1194566,88'
,21/01/2011 14:00:00,20202,0,'1135555,5','1194566,88'
,21/01/2011 14:10:00,20202,0,'1136124,13','1194566,88'
,21/01/2011 14:20:00,20202,0,'1136690,63','1194566,88'
,21/01/2011 14:30:00,20202,0,'1137256,25','1194566,88'
,21/01/2011 14:40:00,20202,0,'1137821,88','1194566,88'
,21/01/2011 14:50:00,20202,0,'1138387,13','1194566,88'
,21/01/2011 15:00:00,20202,0,'1138952,75','1194566,88'
,21/01/2011 15:10:00,20202,0,'1139517,75','1194566,88'
,21/01/2011 15:20:00,20202,0,'1140082,5','1194566,88'
,21/01/2011 15:30:00,20202,0,'1140647,13','1194566,88'
,21/01/2011 15:40:00,20202,0,'1141211,38','1194566,88'
,21/01/2011 15:50:00,20202,0,'1141774,38','1194566,88'
,21/01/2011 16:00:00,20202,0,1142338,'1194566,88'
,21/01/2011 16:10:00,20202,0,'1142900,88','1194566,88'
,21/01/2011 16:20:00,20202,0,'1143465,38','1194566,88'
,21/01/2011 16:30:00,20202,0,'1144031,63','1194566,88'
,21/01/2011 16:40:00,20202,0,'1144600,75','1194566,88'
,21/01/2011 16:50:00,20202,0,'1145172,88','1194566,88'
,21/01/2011 17:00:00,20202,0,,
,21/01/2011 17:10:00,20202,0,'1146319,25','1194566,88'
,21/01/2011 17:20:00,20202,0,'1146893,63','1194566,88'
,21/01/2011 17:30:00,20202,0,,
,21/01/2011 17:40:00,20202,0,'1148043,63','1194566,88'
,21/01/2011 17:50:00,20202,0,'1148614,13','1194566,88'
,21/01/2011 18:00:00,20202,0,1149184,'1194566,88'
,21/01/2011 18:10:00,20202,0,,
,21/01/2011 18:20:00,20202,0,'1150318,38','1194566,88'
,21/01/2011 18:30:00,20202,0,'1150887,25','1194566,88'
,21/01/2011 18:40:00,20202,0,'1151455,75','1194566,88'
,21/01/2011 18:50:00,20202,0,1152025,'1194566,88'
,21/01/2011 19:00:00,20202,0,'1152595,13','1194566,88'
,21/01/2011 19:10:00,20202,0,'1153165,5','1194566,88'
,21/01/2011 19:20:00,20202,0,'1153736,63','1194566,88'
,21/01/2011 19:30:00,20202,0,'1154308,25','1194566,88'
,21/01/2011 19:40:00,20202,0,'1154880,5','1194566,88'
,21/01/2011 19:50:00,20202,0,'1155452,75','1194566,88'
,21/01/2011 20:00:00,20202,0,'1156024,5','1194566,88'
,21/01/2011 20:10:00,20202,0,'1156597,13','1194566,88'
,21/01/2011 20:20:00,20202,0,'1157168,88','1194566,88'
,21/01/2011 20:30:00,20202,0,1157741,'1194566,88'
,21/01/2011 20:40:00,20202,0,'1158312,5','1194566,88'
,21/01/2011 20:50:00,20202,0,'1158884,13','1194566,88'
,21/01/2011 21:00:00,20202,0,'1159455,75','1194566,88'
,21/01/2011 21:10:00,20202,0,'1160027,25','1194566,88'
,21/01/2011 21:20:00,20202,0,'1160598,88','1194566,88'
,21/01/2011 21:30:00,20202,0,'1161170,75','1194566,88'
,21/01/2011 21:40:00,20202,0,'1161742,25','1194566,88'
,21/01/2011 21:50:00,20202,0,'1162313,38','1194566,88'
,21/01/2011 22:00:00,20202,0,'1162885,13','1194566,88'
,21/01/2011 22:10:00,20202,0,1163456,'1194566,88'
,21/01/2011 22:20:00,20202,0,1164028,'1194566,88'
,21/01/2011 22:30:00,'20228,15',0,'1164599,38',1194567
,21/01/2011 22:40:00,'20228,81',0,'1165172,13','1194595,63'
,21/01/2011 22:50:00,'20229,48',0,'1165742,13','1194595,75'
,21/01/2011 23:00:00,'20230,14',0,'1166311,38','1194595,88'
,21/01/2011 23:10:00,'20230,8',0,'1166880,63','1194596,38'
,21/01/2011 23:20:00,'21173,26',0,'1167724,88','1194797,75'
,21/01/2011 23:30:00,'22398,39',0,1169498,'1195990,5'
,21/01/2011 23:40:00,'23633,18',0,'1171385,38',1197331
,21/01/2011 23:50:00,24850,0,'1173221,63','1198606,25'
,22/01/2011 00:00:00,26129,0,'1174968,75','1199815,75'
,22/01/2011 00:10:00,27270,0,'1176741,63','1201012,5'
,22/01/2011 00:20:00,28373,0,'1178360,5','1202110,25'
,22/01/2011 00:30:00,'29274,68',0,'1180002,13','1203248,5'
,22/01/2011 00:40:00,'30248,46',0,'1181471,38','1204143,63'
,22/01/2011 00:50:00,'30276,86',0,'1182461,25','1204622,63'
,22/01/2011 01:00:00,'30888,15',0,1183332,1204863
,22/01/2011 01:10:00,'31139,67',0,1184409,'1205446,25'
,22/01/2011 01:20:00,31572,0,'1185299,88','1205736,88'
,22/01/2011 01:30:00,'31636,04',0,'1186096,13','1206008,63'
,22/01/2011 01:40:00,'31636,09',0,'1186665,5','1206008,75'
,22/01/2011 01:50:00,'31636,14',0,'1187242,38','1206008,88'
,22/01/2011 02:00:00,'31636,2',0,'1187825,38',1206009
,22/01/2011 02:10:00,'31636,25',0,'1188408,63',1206009
,22/01/2011 02:20:00,'31636,3',0,'1188991,88',1206009
,22/01/2011 02:30:00,'31636,35',0,'1189575,5',1206009
,22/01/2011 02:40:00,'31636,41',0,'1190160,38',1206009
,22/01/2011 02:50:00,'31636,46',0,'1190743,75',1206009
,22/01/2011 03:00:00,'31636,51',0,'1191329,5',1206009
,22/01/2011 03:10:00,'31636,57',0,'1191915,13',1206009
,22/01/2011 03:20:00,'31636,62',0,'1192500,25',1206009
,22/01/2011 03:30:00,'31636,67',0,'1193085,25',1206009
,22/01/2011 03:40:00,'31636,73',0,'1193671,13',1206009
,22/01/2011 03:50:00,'31636,78',0,'1194255,63',1206009
,22/01/2011 04:00:00,'31636,83',0,'1194841,25',1206009
,22/01/2011 04:10:00,'31636,89',0,'1195425,75',1206009
,22/01/2011 04:20:00,'31636,94',0,'1196010,38',1206009
,22/01/2011 04:30:00,'31636,99',0,1196596,'1206009,13'
,22/01/2011 04:40:00,'31642,63',0,'1197176,25','1206015,25'
,22/01/2011 04:50:00,'31909,37',0,1197786,'1206015,63'
,22/01/2011 05:00:00,32712,0,'1198989,88',1206666
,22/01/2011 05:10:00,33617,0,'1200311,25','1207395,88'
,22/01/2011 05:20:00,34146,0,'1201866,75','1208380,63'
,22/01/2011 05:30:00,34146,0,'1202482,13','1208519,38'
,22/01/2011 05:40:00,34269,0,'1203076,38',1208544
,22/01/2011 05:50:00,'34959,74',0,'1204348,25','1209168,5'
,22/01/2011 06:00:00,35128,0,1205042,'1209380,63'
,22/01/2011 06:10:00,'36124,04',0,'1206334,13','1210018,25'
,22/01/2011 06:20:00,37137,0,'1207808,63','1210982,75'
,22/01/2011 06:30:00,38095,0,'1209400,25','1211993,13'
,22/01/2011 06:40:00,39133,0,'1210918,38',1212921
,22/01/2011 06:50:00,'40246,06',0,'1212547,63','1214009,5'
,22/01/2011 07:00:00,'40247,41',0,'1213634,25','1214625,13'
,22/01/2011 07:10:00,40587,0,'1214316,38','1214641,88'
,22/01/2011 07:20:00,40887,0,'1215401,88','1215264,75'
,22/01/2011 07:30:00,40887,0,'1215974,88','1215264,75'
,22/01/2011 07:40:00,40887,0,'1216547,13','1215264,88'
,22/01/2011 07:50:00,40887,0,'1217118,13','1215264,88'
,22/01/2011 08:00:00,40887,0,'1217688,75','1215264,88'
,22/01/2011 08:10:00,40887,0,'1218261,13','1215264,88'
,22/01/2011 08:20:00,40887,0,'1218835,5','1215264,88'
,22/01/2011 08:30:00,40887,0,'1219409,63','1215264,88'
,22/01/2011 08:40:00,40887,0,'1219983,5','1215264,88'
,22/01/2011 08:50:00,40887,0,'1220556,88','1215264,88'
,22/01/2011 09:00:00,40887,0,'1221130,13','1215264,88'
,22/01/2011 09:10:00,40887,0,1221705,'1215264,88'
,22/01/2011 09:20:00,40887,0,'1222278,38','1215264,88'
,22/01/2011 09:30:00,40887,0,'1222850,5','1215264,88'
,22/01/2011 09:40:00,40887,0,'1223422,13','1215264,88'
,22/01/2011 09:50:00,40887,0,'1223991,88','1215264,88'
,22/01/2011 10:00:00,40887,0,'1224558,63','1215264,88'
,22/01/2011 10:10:00,40887,0,'1225124,63','1215264,88'
,22/01/2011 10:20:00,40887,0,1225689,'1215264,88'
,22/01/2011 10:30:00,40887,0,1226253,'1215264,88'
,22/01/2011 10:40:00,40887,0,'1226825,38','1215264,88'
,22/01/2011 10:50:00,40887,0,1227399,'1215264,88'
,22/01/2011 11:00:00,40887,0,'1227964,25','1215264,88'
,22/01/2011 11:10:00,40887,0,'1228532,75','1215264,88'
,22/01/2011 11:20:00,40887,0,'1229100,63','1215264,88'
,22/01/2011 11:30:00,40887,0,'1229664,88','1215264,88'
,22/01/2011 11:40:00,40887,0,'1230233,5','1215264,88'
,22/01/2011 11:50:00,40887,0,'1230811,38','1215264,88'
,22/01/2011 12:00:00,40887,0,'1231387,63','1215264,88'
,22/01/2011 12:10:00,40887,0,'1231960,88','1215264,88'
,22/01/2011 12:20:00,40887,0,'1232536,38','1215264,88'
,22/01/2011 12:30:00,40887,0,'1233106,38','1215264,88'
,22/01/2011 12:40:00,40887,0,'1233675,5','1215264,88'
,22/01/2011 12:50:00,40887,0,'1234245,13','1215264,88'
,22/01/2011 13:00:00,40887,0,'1234815,63','1215264,88'
,22/01/2011 13:10:00,40887,0,'1235387,88','1215264,88'
,22/01/2011 13:20:00,40887,0,'1235956,38','1215264,88'
,22/01/2011 13:30:00,40887,0,'1236523,38','1215264,88'
,22/01/2011 13:40:00,40887,0,'1237089,5','1215264,88'
,22/01/2011 13:50:00,40887,0,'1237656,88','1215264,88'
,22/01/2011 14:00:00,40887,0,'1238224,75','1215264,88'
,22/01/2011 14:10:00,40887,0,'1238799,5','1215264,88'
,22/01/2011 14:20:00,40887,0,'1239371,38','1215264,88'
,22/01/2011 14:30:00,40887,0,'1239943,63','1215264,88'
,22/01/2011 14:40:00,40887,0,'1240519,5','1215264,88'
,22/01/2011 14:50:00,40887,0,'1241092,25','1215264,88'
,22/01/2011 15:00:00,40887,0,'1241664,75','1215264,88'
,22/01/2011 15:10:00,40887,0,'1242235,25','1215264,88'
,22/01/2011 15:20:00,40887,0,'1242804,5','1215264,88'
,22/01/2011 15:30:00,40887,0,'1243373,63','1215264,88'
,22/01/2011 15:40:00,40887,0,'1243943,5','1215264,88'
,22/01/2011 15:50:00,40887,0,'1244513,38','1215264,88'
,22/01/2011 16:00:00,40887,0,'1245084,25','1215264,88'
,22/01/2011 16:10:00,40887,0,1245655,'1215264,88'
,22/01/2011 16:20:00,40887,0,'1246227,63','1215264,88'
,22/01/2011 16:30:00,40887,0,'1246799,25','1215264,88'
,22/01/2011 16:40:00,40887,0,'1247371,38','1215264,88'
,22/01/2011 16:50:00,40887,0,'1247943,25','1215264,88'
,22/01/2011 17:00:00,40887,0,'1248515,63','1215264,88'
,22/01/2011 17:10:00,40887,0,'1249088,63','1215264,88'
,22/01/2011 17:20:00,40887,0,'1249660,88','1215264,88'
,22/01/2011 17:30:00,40887,0,'1250231,63','1215264,88'
,22/01/2011 17:40:00,40887,0,'1250803,63','1215264,88'
,22/01/2011 17:50:00,40887,0,'1251375,75','1215264,88'
,22/01/2011 18:00:00,40887,0,'1251946,5','1215264,88'
,22/01/2011 18:10:00,40887,0,1252517,'1215264,88'
,22/01/2011 18:20:00,40887,0,'1253087,75','1215264,88'
,22/01/2011 18:30:00,40887,0,'1253659,63','1215264,88'
,22/01/2011 18:40:00,40887,0,'1254232,13','1215264,88'
,22/01/2011 18:50:00,40887,0,'1254803,75','1215264,88'
,22/01/2011 19:00:00,40887,0,'1255375,75','1215264,88'
,22/01/2011 19:10:00,40887,0,'1255948,13','1215264,88'
,22/01/2011 19:20:00,40887,0,'1256520,75','1215264,88'
,22/01/2011 19:30:00,40887,0,'1257092,88','1215264,88'
,22/01/2011 19:40:00,40887,0,'1257665,75','1215264,88'
,22/01/2011 19:50:00,40887,0,'1258238,63','1215264,88'
,22/01/2011 20:00:00,40887,0,'1258811,38','1215264,88'
,22/01/2011 20:10:00,40887,0,'1259383,75','1215264,88'
,22/01/2011 20:20:00,40887,0,'1259956,13','1215264,88'
,22/01/2011 20:30:00,40887,0,'1260528,25','1215264,88'
,22/01/2011 20:40:00,40887,0,'1261100,13','1215264,88'
,22/01/2011 20:50:00,40887,0,'1261671,88','1215264,88'
,22/01/2011 21:00:00,40887,0,'1262243,5','1215264,88'
,22/01/2011 21:10:00,40887,0,1262815,'1215264,88'
,22/01/2011 21:20:00,40887,0,'1263386,38','1215264,88'
,22/01/2011 21:30:00,40887,0,'1263957,5','1215264,88'
,22/01/2011 21:40:00,40887,0,'1264528,63','1215264,88'
,22/01/2011 21:50:00,40887,0,'1265099,63','1215264,88'
,22/01/2011 22:00:00,40887,0,'1265670,75','1215264,88'
,22/01/2011 22:10:00,40887,0,'1266241,75','1215264,88'
,22/01/2011 22:20:00,40887,0,'1266812,88','1215264,88'
,22/01/2011 22:30:00,40887,0,'1267384,13','1215264,88'
,22/01/2011 22:40:00,40887,0,'1267955,38','1215264,88'
,22/01/2011 22:50:00,40887,0,'1268526,88','1215264,88'
,22/01/2011 23:00:00,40887,0,'1269098,25','1215264,88'
,22/01/2011 23:10:00,40887,0,'1269669,75','1215264,88'
,22/01/2011 23:20:00,40887,0,'1270241,13','1215264,88'
,22/01/2011 23:30:00,40887,0,'1270812,5','1215264,88'
,22/01/2011 23:40:00,40887,0,'1271383,88','1215264,88'
,22/01/2011 23:50:00,40887,0,'1271955,25','1215264,88'
,23/01/2011 00:00:00,40887,0,'1272526,63','1215264,88'
,23/01/2011 00:10:00,40887,0,'1273098,13','1215264,88'
,23/01/2011 00:20:00,40887,0,'1273669,75','1215264,88'
,23/01/2011 00:30:00,40887,0,'1274241,25','1215264,88'
,23/01/2011 00:40:00,40887,0,'1274812,75','1215264,88'
,23/01/2011 00:50:00,40887,0,'1275384,38','1215264,88'
,23/01/2011 01:00:00,40887,0,'1275955,88','1215264,88'
,23/01/2011 01:10:00,40887,0,'1276527,5','1215264,88'
,23/01/2011 01:20:00,40887,0,'1277098,88','1215264,88'
,23/01/2011 01:30:00,40887,0,'1277670,38','1215264,88'
,23/01/2011 01:40:00,40887,0,1278242,'1215264,88'
,23/01/2011 01:50:00,40887,0,'1278813,38','1215264,88'
,23/01/2011 02:00:00,40887,0,1279385,'1215264,88'
,23/01/2011 02:10:00,40887,0,'1279956,5','1215264,88'
,23/01/2011 02:20:00,40887,0,'1280527,88','1215264,88'
,23/01/2011 02:30:00,40887,0,'1281099,13','1215264,88'
,23/01/2011 02:40:00,40887,0,1281670,'1215264,88'
,23/01/2011 02:50:00,40887,0,'1282240,75','1215264,88'
,23/01/2011 03:00:00,40887,0,'1282810,63','1215264,88'
,23/01/2011 03:10:00,40887,0,'1283381,5','1215264,88'
,23/01/2011 03:20:00,40887,0,'1283953,25','1215264,88'
,23/01/2011 03:30:00,40887,0,'1284524,25','1215264,88'
,23/01/2011 03:40:00,40887,0,'1285095,38','1215264,88'
,23/01/2011 03:50:00,40887,0,'1285666,5','1215264,88'
,23/01/2011 04:00:00,40887,0,'1286237,5','1215264,88'
,23/01/2011 04:10:00,40887,0,'1286808,63','1215264,88'
,23/01/2011 04:20:00,40887,0,'1287379,75','1215264,88'
,23/01/2011 04:30:00,40887,0,'1287949,88','1215264,88'
,23/01/2011 04:40:00,40887,0,1288521,'1215264,88'
,23/01/2011 04:50:00,40887,0,'1289092,25','1215264,88'
,23/01/2011 05:00:00,40887,0,'1289663,75','1215264,88'
,23/01/2011 05:10:00,40887,0,'1290235,38','1215264,88'
,23/01/2011 05:20:00,40887,0,'1290806,88','1215264,88'
,23/01/2011 05:30:00,40887,0,'1291378,38','1215264,88'
,23/01/2011 05:40:00,40887,0,1291950,'1215264,88'
,23/01/2011 05:50:00,40887,0,'1292521,5','1215264,88'
,23/01/2011 06:00:00,40887,0,1293093,'1215264,88'
,23/01/2011 06:10:00,40887,0,'1293664,5','1215264,88'
,23/01/2011 06:20:00,40887,0,'1294235,88','1215264,88'
,23/01/2011 06:30:00,40887,0,'1294808,25','1215264,88'
,23/01/2011 06:40:00,40887,0,'1295379,5','1215264,88'
,23/01/2011 06:50:00,40887,0,'1295950,88','1215264,88'
,23/01/2011 07:00:00,40887,0,1296522,'1215264,88'
,23/01/2011 07:10:00,40887,0,'1297091,88','1215264,88'
,23/01/2011 07:20:00,40887,0,'1297662,5','1215264,88'
,23/01/2011 07:30:00,40887,0,'1298232,38','1215264,88'
,23/01/2011 07:40:00,40887,0,'1298801,75','1215264,88'
,23/01/2011 07:50:00,40887,0,'1299370,88','1215264,88'
,23/01/2011 08:00:00,40887,0,'1299940,5','1215264,88'
,23/01/2011 08:10:00,40887,0,'1300509,13','1215264,88'
,23/01/2011 08:20:00,40887,0,'1301077,63','1215264,88'
,23/01/2011 08:30:00,40887,0,'1301646,75','1215264,88'
,23/01/2011 08:40:00,40887,0,'1302216,13','1215264,88'
,23/01/2011 08:50:00,40887,0,'1302785,63','1215264,88'
,23/01/2011 09:00:00,40887,0,'1303354,75','1215264,88'
,23/01/2011 09:10:00,40887,0,1303923,'1215264,88'
,23/01/2011 09:20:00,40887,0,'1304491,13','1215264,88'
,23/01/2011 09:30:00,40887,0,'1305058,13','1215264,88'
,23/01/2011 09:40:00,40887,0,'1305622,75','1215264,88'
,23/01/2011 09:50:00,40887,0,'1306187,13','1215264,88'
,23/01/2011 10:00:00,40887,0,'1306750,75','1215264,88'
,23/01/2011 10:10:00,40887,0,'1307313,75','1215264,88'
,23/01/2011 10:20:00,40887,0,'1307876,13','1215264,88'
,23/01/2011 10:30:00,40887,0,'1308437,5','1215264,88'
,23/01/2011 10:40:00,40887,0,'1308997,63','1215264,88'
,23/01/2011 10:50:00,40887,0,'1309556,88','1215264,88'
,23/01/2011 11:00:00,40887,0,'1310116,38','1215264,88'
,23/01/2011 11:10:00,40887,0,'1310676,38','1215264,88'
,23/01/2011 11:20:00,40887,0,'1311239,25','1215264,88'
,23/01/2011 11:30:00,40887,0,'1311803,63','1215264,88'
,23/01/2011 11:40:00,40887,0,'1312369,5','1215264,88'
,23/01/2011 11:50:00,40887,0,1312937,'1215264,88'
,23/01/2011 12:00:00,40887,0,'1313505,63','1215264,88'
,23/01/2011 12:10:00,40887,0,'1314074,75','1215264,88'
,23/01/2011 12:20:00,40887,0,'1314645,13','1215264,88'
,23/01/2011 12:30:00,40887,0,'1315216,25','1215264,88'
,23/01/2011 12:40:00,40887,0,'1315787,75','1215264,88'
,23/01/2011 12:50:00,40887,0,'1316359,75','1215264,88'
,23/01/2011 13:00:00,40887,0,'1316931,88','1215264,88'
,23/01/2011 13:10:00,40887,0,'1317502,38','1215264,88'
,23/01/2011 13:20:00,40887,0,'1318072,5','1215264,88'
,23/01/2011 13:30:00,40887,0,'1318641,88','1215264,88'
,23/01/2011 13:40:00,40887,0,'1319210,25','1215264,88'
,23/01/2011 13:50:00,40887,0,'1319778,38','1215264,88'
,23/01/2011 14:00:00,40887,0,1320347,'1215264,88'
,23/01/2011 14:10:00,40887,0,'1320916,5','1215264,88'
,23/01/2011 14:20:00,40887,0,'1321486,13','1215264,88'
,23/01/2011 14:30:00,40887,0,'1322055,25','1215264,88'
,23/01/2011 14:40:00,40887,0,'1322622,88','1215264,88'
,23/01/2011 14:50:00,40887,0,'1323189,88','1215264,88'
,23/01/2011 15:00:00,40887,0,'1323755,63','1215264,88'
,23/01/2011 15:10:00,40887,0,'1324323,13','1215264,88'
,23/01/2011 15:20:00,40887,0,'1324890,63','1215264,88'
,23/01/2011 15:30:00,40887,0,'1325458,63','1215264,88'
,23/01/2011 15:40:00,40887,0,'1326027,13','1215264,88'
,23/01/2011 15:50:00,40887,0,1326596,'1215264,88'
,23/01/2011 16:00:00,40887,0,'1327165,63','1215264,88'
,23/01/2011 16:10:00,40887,0,1327736,'1215264,88'
,23/01/2011 16:20:00,40887,0,'1328308,13','1215264,88'
,23/01/2011 16:30:00,40887,0,'1328881,38','1215264,88'
,23/01/2011 16:40:00,40887,0,1329456,'1215264,88'
,23/01/2011 16:50:00,40887,0,'1330034,63','1215264,88'
,23/01/2011 17:00:00,40887,0,'1330613,5','1215264,88'
,23/01/2011 17:10:00,40887,0,'1331193,38','1215264,88'
,23/01/2011 17:20:00,40887,0,'1331773,63','1215264,88'
,23/01/2011 17:30:00,40887,0,'1332352,5','1215264,88'
,23/01/2011 17:40:00,40887,0,'1332930,75','1215264,88'
,23/01/2011 17:50:00,'40901,63',0,1333509,'1215278,75'
,23/01/2011 18:00:00,'40902,58',0,'1334086,63',1215279
,23/01/2011 18:10:00,'40903,52',0,'1334663,5','1215279,25'
,23/01/2011 18:20:00,'40904,47',0,'1335239,63','1215279,63'
,23/01/2011 18:30:00,41347,0,'1335817,88','1215280,38'
,23/01/2011 18:40:00,'42452,94',0,'1337341,88','1216169,88'
,23/01/2011 18:50:00,43526,0,'1339048,63','1217320,5'
,23/01/2011 19:00:00,44479,0,'1340578,38','1218350,38'
,23/01/2011 19:10:00,'45486,34',0,'1342264,63','1219394,75'
,23/01/2011 19:20:00,'45880,93',0,'1343403,75','1220030,38'
,23/01/2011 19:30:00,'46581,98',0,'1344566,63','1220612,13'
,23/01/2011 19:40:00,'47143,02',0,1345653,'1221154,13'
,23/01/2011 19:50:00,'47572,2',0,'1346745,75','1221688,38'
,23/01/2011 20:00:00,48237,0,'1347776,63','1222181,63'
,23/01/2011 20:10:00,48915,0,'1349086,13',1222893
,23/01/2011 20:20:00,49653,0,'1350389,88','1223668,13'
,23/01/2011 20:30:00,'50255,94',0,'1351733,13','1224441,88'
,23/01/2011 20:40:00,50532,0,'1352531,88','1224718,63'
,23/01/2011 20:50:00,'51424,22',0,'1353764,88','1225307,63'
,23/01/2011 21:00:00,'52308,3',0,'1355192,38','1226210,88'
,23/01/2011 21:10:00,'53137,04',0,1356570,'1226997,63'
,23/01/2011 21:20:00,'54007,22',0,'1357995,13','1227873,88'
,23/01/2011 21:30:00,'54918,97',0,'1359442,75','1228799,5'
,23/01/2011 21:40:00,'55941,82',0,'1361002,63','1229738,38'
,23/01/2011 21:50:00,56839,0,'1362554,38','1230751,13'
,23/01/2011 22:00:00,57830,0,'1364011,5','1231657,75'
,23/01/2011 22:10:00,'58854,4',0,'1365529,63',1232600
,23/01/2011 22:20:00,'59933,78',0,'1367173,75','1233706,88'
,23/01/2011 22:30:00,'60234,79',0,'1368601,75','1234623,75'
,23/01/2011 22:40:00,60791,0,'1369275,38',1234717
,23/01/2011 22:50:00,61574,0,'1370693,13','1235532,13'
,23/01/2011 23:00:00,'62486,66',0,'1372069,63','1236305,25'
,23/01/2011 23:10:00,63606,0,'1373682,75','1237357,88'
,23/01/2011 23:20:00,'64706,08',0,1375341,'1238442,25'
,23/01/2011 23:30:00,'65621,72',0,'1376952,75','1239495,13'
,23/01/2011 23:40:00,66561,0,'1378351,38','1240361,38'
,23/01/2011 23:50:00,67501,0,'1379926,13','1241373,13'
,24/01/2011 00:00:00,68514,0,'1381416,13','1242287,25'
,24/01/2011 00:10:00,69358,0,1382895,'1243227,13'
,24/01/2011 00:20:00,70268,0,'1384450,75','1244204,63'
,24/01/2011 00:30:00,'70410,16',0,'1385399,5','1244663,88'
,24/01/2011 00:40:00,71237,0,'1386427,38','1245038,13'
,24/01/2011 00:50:00,'72285,66',0,'1388033,63','1246106,75'
,24/01/2011 01:00:00,'73230,25',0,'1389527,38','1247029,13'
,24/01/2011 01:10:00,'73754,67',0,'1390932,88','1247947,75'
,24/01/2011 01:20:00,74374,0,'1392012,63',1248421
,24/01/2011 01:30:00,75180,0,'1393256,5','1249104,25'
,24/01/2011 01:40:00,75977,0,'1394633,38','1249923,38'
,24/01/2011 01:50:00,76895,0,'1396095,75','1250852,13'
,24/01/2011 02:00:00,'77707,23',0,1397536,'1251676,25'
,24/01/2011 02:10:00,'78741,98',0,1398913,'1252497,88'
,24/01/2011 02:20:00,79767,0,'1400535,88','1253558,13'
,24/01/2011 02:30:00,80318,0,'1402054,75','1254495,63'
,24/01/2011 02:40:00,80575,0,'1402759,88','1254719,88'
,24/01/2011 02:50:00,'80956,9',0,'1403858,5','1255235,88'
,24/01/2011 03:00:00,81017,0,1404594,'1255419,13'
,24/01/2011 03:10:00,81390,0,'1405260,88','1255459,25'
,24/01/2011 03:20:00,'81625,06',0,'1406230,13','1255897,5'
,24/01/2011 03:30:00,'81749,02',0,'1407013,13',1256140
,24/01/2011 03:40:00,'81959,38',0,'1407609,88','1256224,88'
,24/01/2011 03:50:00,82802,0,'1408184,5','1256599,38'
,24/01/2011 04:00:00,84024,0,'1408763,75','1257785,63'
,24/01/2011 04:10:00,85012,0,'1409346,38','1258932,25'
,24/01/2011 04:20:00,85723,0,1409928,'1259756,63'
,24/01/2011 04:30:00,86772,0,'1410532,25','1260587,88'
,24/01/2011 04:40:00,'88117,91',0,'1411295,63','1261771,88'
,24/01/2011 04:50:00,'88508,63',0,'1411939,38','1262705,38'
,24/01/2011 05:00:00,89336,0,1412672,'1263159,63'
,24/01/2011 05:10:00,90299,0,'1413295,75','1264271,38'
,24/01/2011 05:20:00,90580,0,'1413878,25',1264751
,24/01/2011 05:30:00,'91394,48',0,'1414462,88','1265262,75'
,24/01/2011 05:40:00,92350,0,'1415047,5','1266243,25'
,24/01/2011 05:50:00,92921,0,'1415631,38','1266994,13'
,24/01/2011 06:00:00,93696,0,'1416214,88','1267676,63'
,24/01/2011 06:10:00,'94403,9',0,1416799,1268582
,24/01/2011 06:20:00,'95305,7',0,'1417905,38','1269103,25'
,24/01/2011 06:30:00,'96057,4',0,1419352,'1270075,25'
,24/01/2011 06:40:00,97049,0,'1420829,38','1270943,38'
,24/01/2011 06:50:00,'97838,45',0,1422377,'1271955,38'
,24/01/2011 07:00:00,'98036,41',0,1423226,'1272249,75'
,24/01/2011 07:10:00,98408,0,'1423951,38','1272567,25'
,24/01/2011 07:20:00,98924,0,'1424533,38','1273074,88'
,24/01/2011 07:30:00,99464,0,1425116,'1273591,75'
,24/01/2011 07:40:00,'100313,34',0,'1425699,13','1274289,25'
,24/01/2011 07:50:00,101485,0,'1426282,88',1275125
,24/01/2011 08:00:00,102477,0,'1426867,25',1276248
,24/01/2011 08:10:00,103552,0,'1427450,63','1277355,63'
,24/01/2011 08:20:00,104417,0,1428036,'1278318,38'
,24/01/2011 08:30:00,105466,0,'1428618,5','1279311,75'
,24/01/2011 08:40:00,'106153,03',0,1429201,1280347
,24/01/2011 08:50:00,'106343,91',0,'1429783,13','1280572,75'
,24/01/2011 09:00:00,106986,0,'1430809,25',1281131
,24/01/2011 09:10:00,'107495,41',0,1431393,'1281632,13'
,24/01/2011 09:20:00,108411,0,'1431974,88','1282209,75'
,24/01/2011 09:30:00,109437,0,'1432557,88','1283270,88'
,24/01/2011 09:40:00,'110509,38',0,'1433141,25','1284311,25'
,24/01/2011 09:50:00,'111549,51',0,'1433724,25','1285368,38'
,24/01/2011 10:00:00,112601,0,'1434307,13','1286408,5'
,24/01/2011 10:10:00,113647,0,'1434890,5','1287485,88'
,24/01/2011 10:20:00,'114661,13',0,'1435472,25',1288553
,24/01/2011 10:30:00,114894,0,'1436054,75','1289315,25'
,24/01/2011 10:40:00,'115345,4',0,'1436873,38','1289503,25'
,24/01/2011 10:50:00,'115346,65',0,'1437651,38',1289767
,24/01/2011 11:00:00,'115915,03',0,'1438356,38','1289825,38'
,24/01/2011 11:10:00,'116819,44',0,'1439730,25','1290677,38'
,24/01/2011 11:20:00,'117828,21',0,'1441291,63','1291698,75'
,24/01/2011 11:30:00,118342,0,'1442337,88','1292377,88'
,24/01/2011 11:40:00,118965,0,'1442917,5',1293067
,24/01/2011 11:50:00,119515,0,'1443495,5',1293587
,24/01/2011 12:00:00,'120168,89',0,'1444073,25','1294253,13'
,24/01/2011 12:10:00,'120305,59',0,'1444652,75','1294728,75'
,24/01/2011 12:20:00,120646,0,'1445230,13','1294729,5'
,24/01/2011 12:30:00,121509,0,'1445808,88','1295429,38'
,24/01/2011 12:40:00,122320,0,'1446387,38','1296399,63'
,24/01/2011 12:50:00,123403,0,'1446966,13',1297188
,24/01/2011 13:00:00,'124365,02',0,'1447544,25','1298200,75'
,24/01/2011 13:10:00,125331,0,'1448124,5',1299224
,24/01/2011 13:20:00,'125671,8',0,'1448702,25','1299802,75'
,24/01/2011 13:30:00,'126566,09',0,'1449278,88','1300502,88'
,24/01/2011 13:40:00,'127616,45',0,1449855,'1301358,25'
,24/01/2011 13:50:00,'128575,94',0,'1450432,25','1302402,25'
,24/01/2011 14:00:00,129434,0,'1451010,5',1303339
,24/01/2011 14:10:00,129475,0,'1451587,63','1303905,88'
,24/01/2011 14:20:00,129919,0,'1452168,75','1303906,5'
,24/01/2011 14:30:00,'130879,68',0,1453718,'1304828,38'
,24/01/2011 14:40:00,'132005,58',0,'1455253,63','1305810,63'
,24/01/2011 14:50:00,132916,0,'1455895,88',1306874
,24/01/2011 15:00:00,'133184,36',0,'1456473,5','1307415,13'
,24/01/2011 15:10:00,133360,0,'1457050,75','1307651,88'
,24/01/2011 15:20:00,'133381,8',0,'1457628,13','1307811,88'
,24/01/2011 15:30:00,'134091,8',0,'1458520,88','1308063,75'
,24/01/2011 15:40:00,135205,0,'1460066,88',1309023
,24/01/2011 15:50:00,'136442,91',0,'1461791,13','1310224,63'
,24/01/2011 16:00:00,'137433,44',0,'1463250,63','1311220,63'
,24/01/2011 16:10:00,138557,0,'1464695,5','1312237,38'
,24/01/2011 16:20:00,139696,0,'1466431,38','1313551,75'
,24/01/2011 16:30:00,140854,0,'1467963,38','1314633,75'
,24/01/2011 16:40:00,141969,0,'1469653,88','1315877,13'
,24/01/2011 16:50:00,143030,0,'1471056,75','1316819,75'
,24/01/2011 17:00:00,143352,0,'1472347,88',1317791
,24/01/2011 17:10:00,'144068,19',0,'1473108,75','1317918,75'
,24/01/2011 17:20:00,'144938,81',0,1474542,'1318833,25'
,24/01/2011 17:30:00,146037,0,'1476108,75','1319756,63'
,24/01/2011 17:40:00,146495,0,,
,24/01/2011 17:50:00,146495,0,'1479431,75',1320925
,24/01/2011 18:00:00,146495,0,'1481149,75',1320925
,24/01/2011 18:10:00,146495,0,'1482864,75',1320925
,24/01/2011 18:20:00,146617,0,'1484583,5','1320925,5'
,24/01/2011 18:30:00,'146970,33',0,'1485903,5','1321254,5'
,24/01/2011 18:40:00,'147232,23',0,'1486696,75','1321523,38'
,24/01/2011 18:50:00,'147539,27',0,'1487436,88','1321710,88'
,24/01/2011 19:00:00,'148540,27',0,'1488620,88','1322262,5'
,24/01/2011 19:10:00,149261,0,'1490369,25','1323491,5'
,24/01/2011 19:20:00,150110,0,'1491564,63','1324141,75'
,24/01/2011 19:30:00,'151069,81',0,'1492961,38',1324914
,24/01/2011 19:40:00,'152194,2',0,'1494553,5','1325956,25'
,24/01/2011 19:50:00,153121,0,'1496378,63','1327206,13'
,24/01/2011 20:00:00,'153355,11',0,'1497202,75','1327553,38'
,24/01/2011 20:10:00,154229,0,'1498277,38','1327974,75'
,24/01/2011 20:20:00,155208,0,'1499607,88','1329086,5'
,24/01/2011 20:30:00,156156,0,'1500808,5','1330051,38'
,24/01/2011 20:40:00,156788,0,1501775,'1330892,25'
,24/01/2011 20:50:00,157600,0,'1502873,75','1331599,5'
,24/01/2011 21:00:00,'158810,55',0,'1504200,88','1332574,63'
,24/01/2011 21:10:00,'159941,86',0,'1505820,38','1333735,75'
,24/01/2011 21:20:00,'160852,5',0,'1507285,75','1334805,38'
,24/01/2011 21:30:00,161010,0,1508284,'1335446,13'
,24/01/2011 21:40:00,161010,0,'1508865,75','1335446,5'
,24/01/2011 21:50:00,161565,0,1509566,'1335562,25'
,24/01/2011 22:00:00,'162712,72',0,'1510821,13','1336525,25'
,24/01/2011 22:10:00,163882,0,'1512130,5',1337649
,24/01/2011 22:20:00,'164255,33',0,'1513275,25','1338692,13'
,24/01/2011 22:30:00,'164344,44',0,'1513857,25','1338692,88'
,24/01/2011 22:40:00,'165048,34',0,'1514685,38','1338905,75'
,24/01/2011 22:50:00,166137,0,'1516303,88','1339944,38'
,24/01/2011 23:00:00,167343,0,'1518053,5','1341090,63'
,24/01/2011 23:10:00,167366,0,'1519236,38','1341806,5'
,24/01/2011 23:20:00,167366,0,'1519818,38','1341806,63'
,24/01/2011 23:30:00,167366,0,'1520399,5','1341806,75'
,24/01/2011 23:40:00,'0,07',0,'1520987,63','1341806,88'
,24/01/2011 23:50:00,'0,15',0,'1521579,63','1341806,88'
,25/01/2011 00:00:00,'0,23',0,'1522171,5','1341806,88'
,25/01/2011 00:10:00,'0,31',0,'1522764,5','1341806,88'
,25/01/2011 00:20:00,'0,39',0,'1523356,5','1341806,88'
,25/01/2011 00:30:00,'0,47',0,'1523949,5','1341806,88'
,25/01/2011 00:40:00,'0,55',0,'1524543,38','1341806,88'
,25/01/2011 00:50:00,'0,63',0,'1525136,75','1341806,88'
,25/01/2011 01:00:00,'0,71',0,'1525729,75','1341806,88'
,25/01/2011 01:10:00,'0,79',0,'1526323,88','1341806,88'
,25/01/2011 01:20:00,'0,87',0,'1526919,25','1341806,88'
,25/01/2011 01:30:00,'0,95',0,'1527513,25','1341806,88'
,25/01/2011 01:40:00,'1,03',0,1528108,'1341806,88'
,25/01/2011 01:50:00,'1,11',0,'1528702,88','1341806,88'
,25/01/2011 02:00:00,'1,19',0,'1529298,5','1341806,88'
,25/01/2011 02:10:00,'1,27',0,'1529892,5','1341806,88'
,25/01/2011 02:20:00,'1,35',0,'1530485,63','1341806,88'
,25/01/2011 02:30:00,'1,43',0,1531080,'1341806,88'
,25/01/2011 02:40:00,'1,51',0,'1531674,5','1341806,88'
,25/01/2011 02:50:00,'1,59',0,'1532269,13','1341806,88'
,25/01/2011 03:00:00,'1,67',0,'1532865,38','1341806,88'
,25/01/2011 03:10:00,'1,75',0,'1533459,75','1341806,88'
,25/01/2011 03:20:00,'1,83',0,'1534054,88','1341806,88'
,25/01/2011 03:30:00,'1,91',0,'1534649,13','1341806,88'
,25/01/2011 03:40:00,'1,99',0,'1535243,38','1341806,88'
,25/01/2011 03:50:00,'2,07',0,'1535837,88','1341806,88'
,25/01/2011 04:00:00,'2,15',0,'1536432,38','1341806,88'
,25/01/2011 04:10:00,'2,23',0,1537026,'1341806,88'
,25/01/2011 04:20:00,'2,31',0,'1537620,75','1341806,88'
,25/01/2011 04:30:00,'2,39',0,'1538214,5','1341806,88'
,25/01/2011 04:40:00,'2,47',0,'1538808,38','1341806,88'
,25/01/2011 04:50:00,'2,55',0,'1539403,25','1341806,88'
,25/01/2011 05:00:00,'2,63',0,'1539997,25','1341806,88'
,25/01/2011 05:10:00,'2,71',0,'1540591,63','1341806,88'
,25/01/2011 05:20:00,'2,79',0,'1541186,25','1341806,88'
,25/01/2011 05:30:00,'2,87',0,'1541779,63','1341806,88'
,25/01/2011 05:40:00,'2,95',0,'1542373,63','1341806,88'
,25/01/2011 05:50:00,'3,03',0,'1542967,88','1341806,88'
,25/01/2011 06:00:00,'3,11',0,1543563,'1341806,88'
,25/01/2011 06:10:00,'3,19',0,'1544157,5','1341806,88'
,25/01/2011 06:20:00,'3,27',0,'1544751,88','1341806,88'
,25/01/2011 06:30:00,'3,35',0,'1545346,38','1341806,88'
,25/01/2011 06:40:00,'3,43',0,1545940,'1341806,88'
,25/01/2011 06:50:00,'3,51',0,'1546534,25','1341806,88'
,25/01/2011 07:00:00,'3,59',0,'1547128,75','1341806,88'
,25/01/2011 07:10:00,'3,67',0,'1547722,25','1341806,88'
,25/01/2011 07:20:00,'3,75',0,'1548316,38','1341806,88'
,25/01/2011 07:30:00,'3,83',0,'1548909,25',1341807
,25/01/2011 07:40:00,'3,91',0,'1549497,88','1341813,13'
,25/01/2011 07:50:00,'3,99',0,'1550083,63','1341815,13'
,25/01/2011 08:00:00,'707,85',0,'1550888,38','1341987,25'
,25/01/2011 08:10:00,1793,0,'1552099,63','1343011,88'
,25/01/2011 08:20:00,2729,0,1553215,'1343957,25'
,25/01/2011 08:30:00,3714,0,'1554285,5','1344951,38'
,25/01/2011 08:40:00,'4470,67',0,'1555192,5','1345826,75'
,25/01/2011 08:50:00,5196,0,'1555779,5','1346550,88'
,25/01/2011 09:00:00,'5957,31',0,'1556368,38','1347468,63'
,25/01/2011 09:10:00,'7116,34',0,'1557242,38','1348286,13'
,25/01/2011 09:20:00,'8316,24',0,1558462,'1349535,25'
,25/01/2011 09:30:00,9465,0,'1559695,75','1350702,13'
,25/01/2011 09:40:00,9980,0,'1560946,88','1351611,75'
,25/01/2011 09:50:00,10482,0,'1561764,13','1351815,25'
,25/01/2011 10:00:00,11541,0,'1562923,5','1352762,88'
,25/01/2011 10:10:00,12778,0,'1564008,88','1353902,75'
,25/01/2011 10:20:00,'13950,97',0,'1565239,25','1355121,75'
,25/01/2011 10:30:00,'14377,97',0,'1566372,25','1355924,25'
,25/01/2011 10:40:00,15469,0,'1567430,5','1356675,13'
,25/01/2011 10:50:00,16449,0,'1568134,5','1357717,5'
,25/01/2011 11:00:00,17122,0,'1568718,25','1358584,63'
,25/01/2011 11:10:00,18131,0,'1569301,88','1359340,75'
,25/01/2011 11:20:00,19173,0,'1569885,63','1360405,5'
,25/01/2011 11:30:00,'19716,44',0,'1570469,38','1361523,63'
,25/01/2011 11:40:00,'19718,97',0,'1571052,25',1361543
,25/01/2011 11:50:00,'20056,44',0,1571742,'1361630,13'
,25/01/2011 12:00:00,'20588,13',0,1572785,'1362126,88'
,25/01/2011 12:10:00,21095,0,'1573750,75','1362599,75'
,25/01/2011 12:20:00,21589,0,'1574745,5','1363110,25'
,25/01/2011 12:30:00,'22283,15',0,1575860,'1363716,25'
,25/01/2011 12:40:00,22969,0,'1577034,13','1364410,63'
,25/01/2011 12:50:00,23715,0,'1578209,38','1365131,25'
,25/01/2011 13:00:00,'24433,97',0,'1579417,25','1365876,5'
,25/01/2011 13:10:00,24872,0,'1580638,25','1366635,25'
,25/01/2011 13:20:00,'25208,11',0,'1581229,5','1366708,88'
,25/01/2011 13:30:00,26084,0,'1582447,5',1367409
,25/01/2011 13:40:00,26177,0,'1583410,25','1367953,38'
,25/01/2011 13:50:00,26271,0,'1583992,5',1368051
,25/01/2011 14:00:00,26718,0,'1584651,38','1368181,25'
,25/01/2011 14:10:00,27379,0,'1585738,88','1368795,38'
,25/01/2011 14:20:00,27980,0,'1586911,5','1369533,63'
,25/01/2011 14:30:00,'28685,73',0,1587896,'1369992,25'
,25/01/2011 14:40:00,'29573,65',0,'1589313,25','1370932,88'
,25/01/2011 14:50:00,30472,0,'1590648,75','1371786,5'
,25/01/2011 15:00:00,31266,0,1591966,'1372663,25'
,25/01/2011 15:10:00,32076,0,'1593227,75','1373451,63'
,25/01/2011 15:20:00,32976,0,'1594533,13','1374312,5'
,25/01/2011 15:30:00,33863,0,1595529,'1375099,5'
,25/01/2011 15:40:00,34237,0,'1596107,75',1376076
,25/01/2011 15:50:00,'34333,32',0,'1596679,75','1376076,5'
,25/01/2011 16:00:00,'34334,38',0,'1597255,38','1376169,5'
,25/01/2011 16:10:00,'34335,45',0,'1597833,25','1376169,88'
,25/01/2011 16:20:00,'34336,51',0,'1598411,13','1376171,75'
,25/01/2011 16:30:00,'34641,5',0,1598989,'1376172,5'
,25/01/2011 16:40:00,'34658,73',0,'1599567,38','1376494,5'
,25/01/2011 16:50:00,34790,0,'1600148,38','1376495,13'
,25/01/2011 17:00:00,34868,0,'1600727,38','1376707,38'
,25/01/2011 17:10:00,'34970,79',0,1601305,1376708
,25/01/2011 17:20:00,'35808,28',0,'1602008,75','1377086,5'
,25/01/2011 17:30:00,'36755,11',0,'1602588,13','1377975,13'
,25/01/2011 17:40:00,37660,0,'1603167,75','1378946,38'
,25/01/2011 17:50:00,'38619,44',0,'1603747,25','1379860,63'
,25/01/2011 18:00:00,39357,0,'1604327,13','1380832,25'
,25/01/2011 18:10:00,40209,0,'1604906,5','1381531,13'
,25/01/2011 18:20:00,'41110,85',0,1605486,'1382480,88'
,25/01/2011 18:30:00,'41732,9',0,1606065,'1383337,13'
,25/01/2011 18:40:00,'42826,72',0,'1606643,88','1384019,38'
,25/01/2011 18:50:00,'43755,78',0,'1607225,25','1385020,13'
,25/01/2011 19:00:00,44635,0,'1607805,5','1385984,75'
,25/01/2011 19:10:00,45023,0,'1608385,13',1386483
,25/01/2011 19:20:00,45885,0,'1608963,75',1387240
,25/01/2011 19:30:00,46650,0,'1609544,5','1388014,5'
,25/01/2011 19:40:00,'46832,7',0,'1610123,88','1388503,25'
,25/01/2011 19:50:00,'47521,06',0,1610704,'1389043,88'
,25/01/2011 20:00:00,'48525,66',0,'1611283,25','1389774,25'
,25/01/2011 20:10:00,'49433,16',0,'1611864,75','1390738,75'
,25/01/2011 20:20:00,50214,0,'1612445,63','1391590,13'
,25/01/2011 20:30:00,'50579,09',0,'1613027,13',1392315
,25/01/2011 20:40:00,'50639,29',0,1613607,'1392444,88'
,25/01/2011 20:50:00,'50705,48',0,'1614187,13','1392505,5'
,25/01/2011 21:00:00,50785,0,'1614766,88','1392582,13'
,25/01/2011 21:10:00,50851,0,'1615347,38','1392653,88'
,25/01/2011 21:20:00,'51524,88',0,'1616030,88','1392800,75'
,25/01/2011 21:30:00,'51755,18',0,'1617280,25','1393567,25'
,25/01/2011 21:40:00,'51816,79',0,'1617858,88',1393631
,25/01/2011 21:50:00,51863,0,1618438,'1393691,88'
,25/01/2011 22:00:00,52519,0,'1619235,5',1393881
,25/01/2011 22:10:00,53168,0,'1620429,88',1394582
,25/01/2011 22:20:00,53982,0,'1621698,38','1395345,38'
,25/01/2011 22:30:00,'54040,69',0,'1622708,38',1395884
,25/01/2011 22:40:00,54438,0,'1623856,25','1396092,88'
,25/01/2011 22:50:00,'55246,2',0,'1625005,75','1396708,75'
,25/01/2011 23:00:00,'55849,4',0,'1626113,38','1397335,5'
,25/01/2011 23:10:00,'56595,13',0,'1627306,25','1398028,75'
,25/01/2011 23:20:00,57302,0,1628443,'1398671,75'
,25/01/2011 23:30:00,58118,0,'1629730,25','1399479,25'
,25/01/2011 23:40:00,58928,0,'1631040,88','1400264,25'
,25/01/2011 23:50:00,'59255,68',0,'1632280,75',1401048
,26/01/2011 00:00:00,59353,0,'1632861,5','1401120,38'
,26/01/2011 00:10:00,60072,0,'1633443,25',1401473
,26/01/2011 00:20:00,'60986,65',0,'1634024,88','1402224,75'
,26/01/2011 00:30:00,'61798,47',0,1634607,'1403114,38'
,26/01/2011 00:40:00,62610,0,'1635189,75','1403943,38'
,26/01/2011 00:50:00,63409,0,'1635772,63','1404680,13'
,26/01/2011 01:00:00,'64204,27',0,'1636355,5','1405565,38'
,26/01/2011 01:10:00,'64603,58',0,'1636937,38','1406151,25'
,26/01/2011 01:20:00,65269,0,'1637519,5','1406771,88'
,26/01/2011 01:30:00,65723,0,'1638100,75','1407188,63'
,26/01/2011 01:40:00,65723,0,'1638683,75','1407573,75'
,26/01/2011 01:50:00,65723,0,'1639263,88','1407573,75'
,26/01/2011 02:00:00,65723,0,'1639844,63','1407573,75'
,26/01/2011 02:10:00,65723,0,'1640425,25','1407573,88'
,26/01/2011 02:20:00,65723,0,'1641006,75','1407574,38'
,26/01/2011 02:30:00,66473,0,'1641588,38','1407797,25'
,26/01/2011 02:40:00,67547,0,'1642238,13','1408774,88'
,26/01/2011 02:50:00,'68603,62',0,1642866,'1409865,13'
,26/01/2011 03:00:00,69405,0,'1643451,75','1410826,5'
,26/01/2011 03:10:00,'70127,91',0,'1644035,5','1411615,5'
,26/01/2011 03:20:00,'71181,42',0,'1644618,75','1412473,25'
,26/01/2011 03:30:00,72103,0,'1645203,25',1413431
,26/01/2011 03:40:00,72987,0,'1645786,63','1414276,63'
,26/01/2011 03:50:00,73949,0,'1646370,13','1415280,88'
,26/01/2011 04:00:00,74835,0,'1646953,63','1416180,25'
,26/01/2011 04:10:00,75621,0,'1647537,75','1417015,25'
,26/01/2011 04:20:00,'75965,27',0,'1648120,38','1417699,5'
,26/01/2011 04:30:00,76313,0,'1648722,5','1417940,38'
,26/01/2011 04:40:00,'77158,17',0,'1649739,63','1418522,13'
,26/01/2011 04:50:00,'77175,65',0,'1650752,38','1419029,75'
,26/01/2011 05:00:00,'77364,26',0,'1651599,75',1419152
,26/01/2011 05:10:00,78051,0,'1652502,75','1419287,5'
,26/01/2011 05:20:00,78919,0,'1654101,5','1420338,88'
,26/01/2011 05:30:00,79824,0,'1655439,63','1421145,13'
,26/01/2011 05:40:00,80618,0,'1656923,63','1422081,63'
,26/01/2011 05:50:00,81491,0,'1658237,13','1422820,5'
,26/01/2011 06:00:00,'82523,84',0,'1659786,13','1423802,25'
,26/01/2011 06:10:00,'83607,29',0,'1661342,5','1424809,75'
,26/01/2011 06:20:00,84589,0,'1662990,5','1425873,13'
,26/01/2011 06:30:00,85589,0,'1664545,38','1426917,75'
,26/01/2011 06:40:00,86497,0,'1665959,88',1427753
,26/01/2011 06:50:00,87141,0,'1667552,13','1428771,38'
,26/01/2011 07:00:00,87141,0,'1668271,13','1429005,63'
,26/01/2011 07:10:00,87141,0,'1668851,38','1429005,75'
,26/01/2011 07:20:00,'87188,02',0,'1669429,5','1429005,75'
,26/01/2011 07:30:00,87753,0,'1670297,13','1429248,38'
,26/01/2011 07:40:00,88535,0,'1671461,63','1429867,63'
,26/01/2011 07:50:00,89634,0,'1673071,13','1430875,25'
,26/01/2011 08:00:00,'90145,56',0,'1674663,25','1431956,13'
,26/01/2011 08:10:00,90913,0,'1675472,13','1432208,88'
,26/01/2011 08:20:00,92064,0,'1677249,88','1433381,75'
,26/01/2011 08:30:00,93141,0,'1678999,75','1434551,25'
,26/01/2011 08:40:00,'94483,1',0,'1680527,5','1435538,38'
,26/01/2011 08:50:00,'95633,22',0,'1682283,38','1436794,75'
,26/01/2011 09:00:00,96522,0,'1683997,75','1437948,38'
,26/01/2011 09:10:00,97580,0,'1685488,25','1438825,88'
,26/01/2011 09:20:00,98804,0,'1687148,88','1439965,75'
,26/01/2011 09:30:00,'99806,5',0,'1688933,88',1441162
,26/01/2011 09:40:00,100194,0,'1690210,63','1441982,38'
,26/01/2011 09:50:00,'101238,29',0,'1691468,88','1442617,63'
,26/01/2011 10:00:00,'102378,02',0,'1692937,38','1443522,5'
,26/01/2011 10:10:00,'103607,31',0,'1694653,5','1444683,75'
,26/01/2011 10:20:00,104668,0,'1696379,63','1445822,88'
,26/01/2011 10:30:00,105788,0,1698138,'1447030,25'
,26/01/2011 10:40:00,106868,0,'1699774,38','1448123,63'
,26/01/2011 10:50:00,108040,0,1701423,1449228
,26/01/2011 11:00:00,109298,0,'1703182,88','1450430,38'
,26/01/2011 11:10:00,110068,0,'1704907,38','1451615,5'
,26/01/2011 11:20:00,'110658,6',0,'1705817,75','1452021,88'
,26/01/2011 11:30:00,111678,0,'1707285,25','1452886,13'
,26/01/2011 11:40:00,'112837,28',0,'1708968,38','1454003,38'
,26/01/2011 11:50:00,114036,0,'1710655,13','1455176,13'
,26/01/2011 12:00:00,115291,0,'1712561,75','1456497,25'
,26/01/2011 12:10:00,116509,0,1714318,'1457688,25'
,26/01/2011 12:20:00,117710,0,'1716085,13','1458968,88'
,26/01/2011 12:30:00,'118993,97',0,'1717890,13','1460184,63'
,26/01/2011 12:40:00,120103,0,'1719677,88','1461446,25'
,26/01/2011 12:50:00,'120534,92',0,'1720732,75','1461988,38'
,26/01/2011 13:00:00,121733,0,'1722196,63','1462815,88'
,26/01/2011 13:10:00,122966,0,'1724004,25','1464083,63'
,26/01/2011 13:20:00,123871,0,'1725806,88','1465341,88'
,26/01/2011 13:30:00,125040,0,'1727264,5','1466264,38'
,26/01/2011 13:40:00,126265,0,'1728999,75','1467415,63'
,26/01/2011 13:50:00,127296,0,'1730683,88',1468568
,26/01/2011 14:00:00,'128080,82',0,'1732356,5','1469719,13'
,26/01/2011 14:10:00,'128156,27',0,'1733104,63','1469973,25'
,26/01/2011 14:20:00,'128781,28',0,'1734071,88','1470278,75'
,26/01/2011 14:30:00,129704,0,'1735503,75',1471101
,26/01/2011 14:40:00,'129958,47',0,'1736736,13','1471849,75'
,26/01/2011 14:50:00,'129963,27',0,'1737312,13','1471850,25'
,26/01/2011 15:00:00,'129965,02',0,'1737887,5','1471855,25'
,26/01/2011 15:10:00,'129965,28',0,1738466,'1471858,88'
,26/01/2011 15:20:00,'129965,56',0,'1739039,13','1471858,88'
,26/01/2011 15:30:00,'129965,82',0,'1739613,88','1471858,88'
,26/01/2011 15:40:00,'129966,09',0,'1740188,38','1471858,88'
,26/01/2011 15:50:00,'129966,35',0,'1740764,38','1471858,88'
,26/01/2011 16:00:00,'129966,62',0,1741340,'1471858,88'
,26/01/2011 16:10:00,'129966,88',0,'1741914,5','1471858,88'
,26/01/2011 16:20:00,'129967,15',0,'1742489,38','1471858,88'
,26/01/2011 16:30:00,'129967,41',0,'1743064,75','1471858,88'
,26/01/2011 16:40:00,'129967,68',0,'1743642,38','1471858,88'
,26/01/2011 16:50:00,'129967,95',0,'1744220,5','1471858,88'
,26/01/2011 17:00:00,'129968,31',0,'1744801,63','1471861,88'
,26/01/2011 17:10:00,'129968,7',0,'1745376,38','1471861,88'
,26/01/2011 17:20:00,'129969,09',0,'1745950,88','1471861,88'
,26/01/2011 17:30:00,'129969,48',0,1746525,'1471861,88'
,26/01/2011 17:40:00,'129969,87',0,'1747098,63','1471861,88'
,26/01/2011 17:50:00,'129970,26',0,'1747671,88','1471861,88'
,26/01/2011 18:00:00,'129970,65',0,'1748246,25',1471862
,26/01/2011 18:10:00,'129997,74',0,'1748819,13','1471862,5'
,26/01/2011 18:20:00,'130244,12',0,'1749392,25','1471963,38'
,26/01/2011 18:30:00,'130632,24',0,'1749967,63',1472284
,26/01/2011 18:40:00,'130998,82',0,'1750546,13','1472669,25'
,26/01/2011 18:50:00,'131370,69',0,1751123,'1473036,25'
,26/01/2011 19:00:00,131674,0,'1751701,75','1473388,13'
,26/01/2011 19:10:00,132034,0,'1752279,38','1473731,75'
,26/01/2011 19:20:00,132383,0,'1752858,25','1474072,88'
,26/01/2011 19:30:00,132752,0,'1753436,63','1474451,5'
,26/01/2011 19:40:00,'133170,91',0,'1754015,13','1474802,25'
,26/01/2011 19:50:00,'133575,39',0,'1754594,75','1475220,75'
,26/01/2011 20:00:00,134033,0,'1755227,25',1475677
,26/01/2011 20:10:00,134636,0,'1755809,63','1476065,63'
,26/01/2011 20:20:00,135608,0,'1756925,25','1476943,5'
,26/01/2011 20:30:00,136541,0,'1758055,5','1477900,75'
,26/01/2011 20:40:00,137492,0,1759205,'1478858,38'
,26/01/2011 20:50:00,'138105,98',0,'1760337,88','1479798,88'
,26/01/2011 21:00:00,'138139,13',0,'1760955,88','1480004,25'
,26/01/2011 21:10:00,138724,0,1761748,'1480208,63'
,26/01/2011 21:20:00,139461,0,'1763087,75','1480960,63'
,26/01/2011 21:30:00,139676,0,'1764024,25','1481400,75'
,26/01/2011 21:40:00,'140156,48',0,'1765078,63','1481852,38'
,26/01/2011 21:50:00,140292,0,1765804,'1482051,75'
,26/01/2011 22:00:00,141469,0,'1767126,13','1482734,5'
,26/01/2011 22:10:00,142382,0,'1768881,25','1483900,88'
,26/01/2011 22:20:00,143051,0,'1769850,88','1484358,63'
,26/01/2011 22:30:00,144308,0,1771555,'1485452,25'
,26/01/2011 22:40:00,145296,0,'1773285,63','1486662,25'
,26/01/2011 22:50:00,'145795,77',0,'1774608,25','1487476,88'
,26/01/2011 23:00:00,146400,0,'1775690,38','1487994,13'
,26/01/2011 23:10:00,146472,0,'1776595,13','1488372,38'
,26/01/2011 23:20:00,146483,0,'1777173,88',1488373
,26/01/2011 23:30:00,'147392,05',0,'1778151,38','1488728,5'
,26/01/2011 23:40:00,'147511,47',0,'1779330,5',1489392
,26/01/2011 23:50:00,147887,0,'1779913,38','1489412,75'
